UID,username,email,password,is_admin,taken_survey
2205892,lpryor,lpryor@gmail.com,b@{[Gi@QW!%|ugh,1,1
2205749,abarbano,abarbano@gmail.com,"6A,/ZHNY",1,1
2205099,eholland,eholland@gmail.com,^}Z}$eA:+|CGVT,0,1
2211391,aroice,aroice@gmail.com,}>^DPt@r,0,1
2386546,ecarter,ecarter@gmail.com,izXdN/dI[,0,1
2176047,aludovit,aludovit@gmail.com,ilcot:aT33,0,1
2122518,cpanu,cpanu@gmail.com,.pKNF66ze,0,1
2420118,ceckehard,ceckehard@gmail.com,OG!`TwrWa[N.%R,0,1
2266287,rfoster,rfoster@gmail.com,<(O}tIf@2Evva,0,1
2120581,mdaniela,mdaniela@gmail.com,-7}1S@L6,0,1
2377340,kvalentin,kvalentin@gmail.com,^!A9776!FY*,0,1
2218593,iviktor,iviktor@gmail.com,",EOucHEQB-y0!@`",0,1
2387104,rmirko,rmirko@gmail.com,]{^Y7><I%aaW#i+,0,1
2419053,etayler,etayler@gmail.com,;{1(PG0Fn=g8b,0,1
2310673,cfaunus,cfaunus@gmail.com,"flibb%,Kt2:",0,1
2469276,gyehan,gyehan@gmail.com,"a,9&*Heqpoy}Qq",0,1
2279582,mmedeia,mmedeia@gmail.com,qr_!R&.v\3,0,1
2470386,hsilvia,hsilvia@gmail.com,"~xXK:<fI7f6W""Ws",0,1
2110783,sbosede,sbosede@gmail.com,:>$0NhuYc7_2|5qu,0,1
2348073,hranjeet,hranjeet@gmail.com,Q6@TKo@bMK&MW/~,0,1
2201793,arosa,arosa@gmail.com,"AlY\,U)5In{>",0,1
2378106,singer,singer@gmail.com,"swQcc2""lRH3yB]kn",0,1
2102703,kchikere,kchikere@gmail.com,H1ur=`lIN5j,0,1
2219739,sgeorgina,sgeorgina@gmail.com,Adj$y)DiM(,0,1
2420793,karthur,karthur@gmail.com,fAO+`2~(xS.,0,1
2430740,mkadir,mkadir@gmail.com,m;y(y\{Or/rUE7,0,1
2310283,jmanoj,jmanoj@gmail.com,N-)u7l0-bu55L,0,1
2202830,rdiodorus,rdiodorus@gmail.com,"#CHvvx[*q,p",0,1
2108203,calice,calice@gmail.com,iN\M@0x(w,0,1
2203293,sheitare,sheitare@gmail.com,l%j?mqf;#,0,1
2469403,rshane,rshane@gmail.com,yCMYxmNyGr%u6~p&,0,1
2306830,rkhalle,rkhalle@gmail.com,"|R~$KaV]-""H",0,1
2203820,yfritiof,yfritiof@gmail.com,"o-Pk>""2glR~{c",0,1
2194202,marterios,marterios@gmail.com,$U!K]dtH,0,1
2340420,mliber,mliber@gmail.com,0#<L%'2a7:,0,1
2674029,rlalit,rlalit@gmail.com,GJug?Xm)H2F\rV?,0,1
2183046,asandalp,asandalp@gmail.com,}kA1UR\Ier,0,1
2220392,cmarta,cmarta@gmail.com,pil@Id}G[BK,0,1
2384023,idana,idana@gmail.com,"%RerHE>W,}RkyD",0,1
2484022,leldegard,leldegard@gmail.com,A~@J*:kK5&=bG*S,0,1
2283024,gcassie,gcassie@gmail.com,"{c,x>?SC;wW>V",0,1
2120107,ekrysia,ekrysia@gmail.com,)u{2\TByfS9AL,0,1
2386028,mval,mval@gmail.com,8`AN)l;eF*P@\,0,1
2283049,rdavion,rdavion@gmail.com,p#Yx7Uf{?{,0,1
2184029,atereza,atereza@gmail.com,\(3[\fE!zFQ,0,1
2403400,snelli,snelli@gmail.com,>&>NT(Ht:,0,1
2283026,fbugra,fbugra@gmail.com,"]7ARM8AWRGs,E",0,1
2183012,pathanaric,pathanaric@gmail.com,6X;])uytsV,0,1
2281062,samanda,samanda@gmail.com,"lMV7px,v",0,1
2383019,ichristiana,ichristiana@gmail.com,]E3'4(W,0,1